actual,predicted
38.3876615,19.483229
0.19461001,22.150562
0.0852665,22.31624
0.9830835,24.119154
77.5036288,24.414268
0.1284085,23.992678
0.0153647428250247,24.259554
1.33812216,24.581892
0.473061679041668,24.302935
0.0004239999999938,24.323637
0.0070224639534883,23.655294
0.0,24.374594
2.0451564075,24.09135
0.135676714,23.871643
0.0,23.149183
49.349510515,23.99124
0.0003617737230268,24.363909
0.3700748325,24.498701
0.0042161260465116,24.634558
0.04056125,24.246426
0.147864505000001,23.774055
0.0001703485271317,23.830801
39.119610192,24.451603
9.09494701772928e-16,23.935547
0.298480855999995,24.34239
0.0021293565891472,23.921743
0.0068947827906976,23.342915
1.04401944,23.795885
6.6144,22.599897
9.45910016980633e-16,16.415117
1.0220577525,19.552332
0.00060900795,21.126022
0.0,22.531603
0.888,22.047655
0.0,23.843922
13.395696576,23.883167
0.001659855116279,22.657532
1.54866,23.407406
0.0,23.379408
5.04900339855044,23.940775
0.0032134018927683,24.287008
0.0464905,22.315487
20.66046,22.658566
107.913955,23.511902
0.0055849754,23.487043
0.577431805,23.64958
0.0002139079999924,24.003935
0.000423999999999,23.68641
0.11273875025,22.622988
45.77783645308,23.211382
0.845428063999999,19.506872
0.0,21.69856
5.05000003613532e-07,22.014364
0.0031761883,21.46808
23.911887688,19.78093
25.4228,20.955961
0.0,22.368505
2.31370478331883e-16,23.28162
0.092241,21.1527
0.4262043875,22.206703
0.0,23.691343
74.53178,24.00443
10.27531336,23.839815
242.64656,23.071585
0.0003741800000061,19.18654
0.058467140075,20.589638
108.9556,13.594067
3.821824547,12.382453
0.0,15.054766
2.007984232,17.72356
0.0036177372302689,21.521406
9.615915e-05,20.763365
63.70721105,23.161917
0.0,22.787199
0.0145560721500234,23.316854
0.28651357,23.4947
1.006805335,24.127642
0.0,23.742805
0.00693628002,23.3725
14.737392,24.118315
9.615915e-05,23.19877
6.724586752,23.518742
0.592,23.209742
0.2786099075,24.023943
259.17528,24.105543
4.25871317829457e-05,23.140528
0.0,23.922571
0.304811797999993,23.275408
1.71928931145796,22.962833
1.3810249075,20.611307
0.0,18.118906
28.9276,20.2377
21.2495599189376,17.57218
78.39110354,21.262594
0.0006384058139534,22.63001
0.5243112,20.303362
38.443214828,19.145113
14.4971206870855,20.803947
0.0002979313013162,21.744673
42.5408672,21.642021
23.9123248917336,22.675825
0.287748906575,23.085497
1.0060918825,19.403934
0.18160525,19.081978
0.00303862914,20.15789
0.00517977288,19.653357
33.117935842,21.117704
98.9849284799999,21.648436
0.069892075,22.009851
6.8073075,23.69299
2.715596,23.915222
0.955633016,19.986597
0.0,19.941683
0.0,21.198439
19.0747,22.883348
0.004157875,20.314035
70.9972893534678,21.769112
2.9332576,22.614763
2.9563164,23.02684
0.0001065835,21.35812
0.13875,15.6403265
71.98152,20.42248
1.944945,20.95765
4.648051096,20.636961
0.147127725,18.74932
0.0001064678294573,21.57086
0.202575,22.701338
15.7427172,23.077082
8.82768,23.491104
0.171137227999978,16.895983
0.0194195137,19.826134
248.50094338,19.466042
0.0,17.900583
0.001918503,17.459604
0.754297802000049,18.826862
0.67367697,21.060396
0.019824531,23.038916
0.064565,21.444765
25.2250256608605,24.31814
23.3909086754,24.324553
0.0150119639534884,24.016222
0.30525,24.338974
18.58516352,24.23136
0.0,23.86423
5.243112,23.232424
0.730704,23.3857
0.000639501,23.532177
5.73714087017575,23.187487
2.5897,21.728872
0.319754,23.274883
170.492039091,22.470484
0.1080813475,23.018929
0.0050094245,23.507343
0.0,23.877506
0.0,23.903475
0.4117068625,22.971563
0.0,22.025194
0.0,23.964846
365.34225,24.301474
0.08568772835,21.726366
9.78116868667,23.555557
0.0004894585664481,22.420502
26.6084003849093,19.420961
234.715936,20.592276
0.0296,19.966064
1.017668264,22.427351
15.6567391725205,21.765387
0.0004043236821705,21.570658
0.89986122,23.015047
1.02292198,22.409563
46.05869008,24.277525
0.00034617294,24.159872
0.0378087275,24.53518
0.0047243392065865,24.346031
0.3582259525,24.369259
0.0048093237984496,23.97114
7.27999999980966e-07,23.795216
0.0,23.536613
2.12808072368763e-05,23.241117
0.0002128019379844,23.899042
0.8884162,23.299265
1.566448,23.741957
0.0014896565065813,24.123907
0.069799575,23.816957
0.0043651810077519,24.283148
3.725607496,23.079367
0.50468185,22.394869
5.8111158,23.868155
0.3491494825,22.749624
6.25328437660959,23.989
0.0,23.83676
0.06956,23.52704
1.712861535,23.699474
87.2529396694,23.60331
0.0295815,23.159418
24.37169013,23.383385
1464.39305264586,24.12546
13.666423056,17.762047
0.0,20.4767
0.0058522219901409,18.216717
2.1373687,21.982298
4.6577976489935,22.213282
0.83330324,22.565004
0.0,21.90269
4.8157284,21.475935
0.32104473575,23.679081
3.67594605,23.815348
1.81898940354586e-15,23.571926
2.19649122,24.568207
1.38651184,24.418833
57.70322,23.995104
48.66212572,19.243105
5.898501,20.094416
0.0,21.08951
0.0455137,21.958986
0.5449174075,22.27189
47.203204864,18.184248
1.07926169656376,20.844076
0.0012130060125019,21.774687
5.6472,15.9933
12.2385283996796,15.614028
0.08307092,13.24366
0.0010871517,18.218565
4.1477,21.07703
3.15986,23.42869
18.97435,23.861906
19.588543728,24.059156
16.0213977,23.52522
115.95764,23.370737
0.0013216354,22.026148
1.029475074,23.00905
2.22242757,22.672806
0.0,22.399374
22.59816,21.150875
0.0134494701737058,23.158243
0.076775,24.572231
0.164423375,23.649672
48.55618161,24.103743
18.34540211848,22.478186
0.000851232289475,23.529615
0.0032133092635658,23.648886
0.1693675,23.101141
0.337000740999999,23.74366
0.163222725,22.364342
266.292648097275,23.965868
0.0002128019379844,21.215538
1.6966983373834e-16,19.82995
0.0,20.887869
0.1274709385,18.851137
6.14016,22.549051
2.12801937984496e-05,21.60126
70.2730715299999,23.283089
3.06674082063882,23.145845
1.8100992,23.146612
869.957454694,23.229485
119.21333,16.283165
71.09856,16.64449
1.19696096,19.530466
12.565224138712,20.57635
0.50061,16.441742
107.908614221,17.051638
0.0038518261098746,17.131079
0.074925,21.848528
0.0023209986821705,21.645197
0.00072398124031,22.96077
60.42,23.339254
0.533725,21.703756
10.90952,23.464684
0.0,22.490606
15.7293966,24.04312
2.51326,23.696207
0.1945372125,22.583288
0.160784462217044,23.810335
0.06066335,23.475142
0.0004894585664481,23.63812
33.375313953,22.96607
0.120327145,23.820929
0.65998467,24.49374
0.14541,23.968721
0.0,23.971212
0.0,23.569017
0.41012049899999,20.038183
25.9933284045881,23.393728
1.395961488375,22.932299
0.7730311025,22.114145
3.6328,22.226854
2.6874975,22.24483
0.331705,21.40937
0.0065015935,22.113008
0.0003832841860465,23.253286
0.0010260800000008,23.988098
193.033193911382,23.548925
0.0050859663178294,22.684498
109.560328,24.044146
3.568649,23.665247
0.0117257247875189,22.956038
1.1799333,23.220442
0.0024514205,22.093891
6.65912,23.894583
0.0002979227131782,23.773653
0.0852097975,24.26765
8.51207751937984e-05,24.473207
0.000319403488372,23.87634
0.278425,24.310108
0.1395825,24.207045
0.795386918000001,24.00105
0.0012719999999969,24.382275
6.66363540825924,23.56546
0.0,24.406496
0.201817795,23.728746
33.12608,23.098642
0.0054266058454034,22.275072
1.4652,23.186884
0.0,20.905313
0.13498324275,22.201513
106.830527596,21.514658
0.5834835,19.618025
0.0012137332558139,21.783724
6.12937993,20.97908
0.0,20.61229
0.0005128488,15.266817
0.00017949708,19.846182
20.318735008,21.880102
0.0,21.178934
0.0,21.506048
0.07598685005,23.393711
13.969645978,24.004684
1.84334,22.35739
0.1626335,22.307543
115.446232,23.305183
3.68392464522453,23.03908
28.48768,22.861895
3.4466848,22.84308
33.0824,21.650097
0.006533019496124,20.581228
0.48623625,13.6084585
145.54082474668,20.058027
0.0020216766875032,23.065805
0.1875991575,24.121958
0.06788205,24.288263
0.0,24.124165
8.02443744,23.824951
215.588268858,22.28338
417.30716,22.801273
0.4107,20.832994
1.5852724,21.341572
0.0,19.45335
0.0,13.596483
0.23088,18.903173
0.00106,21.593191
75.05833584,23.627098
2.5279304,22.913654
0.42090298125,21.938639
0.0027026625190832,24.151827
27.647538,24.559412
144.44755986,19.952913
8.86444,18.981615
0.50593411,17.288244
0.080012315,18.914907
34.539679074,12.205354
7.18071205899999,11.244355
0.0,11.885715
0.404573132075,17.133583
2.9761744575,22.569881
0.0,22.66516
0.52940864475,22.999905
11.1254420000001,23.840086
0.0,23.751781
7.27595761418343e-15,24.293774
33.768138,24.143845
170.432853831571,24.07673
0.0,22.884237
2.73491309,22.301348
0.0,22.742102
0.0008423410045219,20.051233
0.0014470531782945,20.08367
0.0,21.263092
225.552547312801,21.864851
0.246894154075,23.296999
0.0018758696,23.66262
0.0004256038759689,23.032375
0.0004045777519379,21.483747
0.0001064678294573,21.98238
0.0012649239999882,23.109228
0.0,24.402025
15.45232,23.721262
0.2030287125,22.966766
0.0,24.390043
0.0,24.083797
0.0013855855,23.468206
83.5454885195101,21.401049
0.29205395,22.724136
0.0,23.638178
0.0,22.674124
10.326789541,22.809305
0.0049881078,22.252275
0.308478045575,23.663313
9.9910412,24.334618
1108.85964941,23.594843
0.0970355525,19.204252
0.78194792,21.836266
72.581482136,23.34508
0.2670947675,22.9624
1.486942136,22.124449
0.49646785,23.064299
9.8299968,20.910606
1.68043248,22.360617
0.0,21.216545
0.2095125,22.748533
7.20928,22.426264
0.06610975,22.7727
34.1965788599521,20.499334
0.0003846366,21.709713
0.0002968000000006,22.2964
0.49025,22.03883
9.75568999,22.718836
2.61020216964035,23.02815
22.594604158,23.137426
2.2950351,23.704704
0.0007247678,22.285559
4.731204,22.684858
0.3422961575,18.56658
0.2807375,21.485918
75.95362004,22.430855
0.4347499075,13.72976
120.53704,20.691305
0.0003431999999999,22.176807
127.6392,20.885231
0.300850114000002,21.192083
0.0,22.847391
0.0631591999999995,20.186861
7.24048,16.870455
8.05603591070136,18.182978
2.12801937984496e-05,19.363226
1.1854192,21.964962
31.42921094,22.678694
0.0005329175,22.400997
27.65429654,23.226418
0.0032401384,19.518238
25.775660144,21.7811
0.0,22.375395
0.21394395,21.744543
0.0,23.240599
0.122667025,15.523507
0.54031544,19.71509
0.0023874704,21.032385
1.6337538,21.565826
0.627040986000013,21.394793
117.972745358582,22.105112
0.0217838425,23.349627
0.06673104845,24.396685
5.071008,24.395695
1.082212,24.054659
9.16950032,23.490017
5.30000002036068e-07,23.465433
0.21268,23.905277
47.60142,23.49188
33.91894,20.921705
0.2649775905,21.794874
14.684286,22.586763
6.74956611200002,23.005638
1.11181387174105,23.086721
0.8557758,23.52344
2.5284285,23.911222
0.0002128019379844,20.164347
0.2886970325,22.002718
22.648,20.612688
1.291885849,19.591331
2.26618952,20.029297
0.217754435,22.220375
0.1998,24.042536
0.0,23.553617
106.4492,23.587908
0.0,22.32549
0.0010220911627907,23.851263
0.02487253775,24.108057
0.317864225,24.246866
0.0033893553,23.416939
9.76154,23.896248
0.177339335,24.016752
69.96184,24.573801
6.1679387,23.05152
4.25603875968992e-05,24.270458
6.2399999939089e-07,24.181295
0.0327850846,23.31449
123.34362951756,23.0721
0.0083561464,21.843384
1.6748,24.200714
0.04577825,24.012823
1.24924025,24.498562
0.666848000000001,24.439384
10.3240713829957,24.150053
4.3472,24.220459
0.28675,23.675013
225.444999912,23.205423
0.57091,21.32757
0.0273458372993861,21.700106
0.1971174075,19.584936
0.07214815,15.299162
0.3485955,17.357574
18.12706,20.127459
0.0081341421705426,23.048504
2.982249,23.684017
0.0,23.17644
0.4158799075,23.358118
0.0054724464341085,23.356607
1.62812,23.416956
0.4538205,24.143171
0.2479,24.109554
0.040145,19.65618
0.0010001691085271,21.871737
1.28618984864021,22.30816
0.7002446655,21.686304
0.0048602076,23.133713
9.614658943,22.862879
23.4925069459459,24.211971
0.0002340888796056,23.955446
6.85651502399998,24.01312
0.0144583312403101,23.5297
8.36025050664,23.458834
12.844079706,22.284327
0.605394,22.21078
15.53112,22.748434
0.333587375,22.989874
36.475608,23.723816
3.0511999,23.209795
0.0,22.12722
13.4302,23.276089
0.0012563203875969,21.329155
1.643020335,22.89364
17.127066282,21.81756
0.328375,21.022657
0.0021280193798449,22.372953
212.84336,23.085814
12.9694249075,22.221746
2.333934,23.733145
1.06875,23.184978
0.041921,23.19649
5.71286502,23.083202
0.03899279225,20.044376
0.43116285,23.465036
0.175947209075,21.795313
15.552283,23.088099
0.736308510852194,21.572626
3.65908986,22.026566
0.307416363875,23.427622
6.40898631,24.023159
6.0310432,23.289267
0.0,22.208927
0.0112359423255814,22.295666
330.46482938,22.921898
2.41620078,21.76327
0.0,21.117598
0.043697,23.400532
0.1388192,23.89945
5.15424,22.892826
7.860688004,22.529627
22.68032,23.844057
0.0028746313953488,23.80127
0.007026876744186,23.253065
0.3683249175,22.938389
0.6045038466,24.126066
0.463860667282307,24.56978
18.822058328,24.26739
11.844167978,24.118109
0.0,23.799944
9.12575269,23.430243
1.05999997344952e-07,23.143347
0.0374292,20.950022
0.0002984338,22.8025
14.116589614,20.641588
0.072404375,21.437906
0.0010640096899224,23.71594
0.901875,23.421007
7.89672,21.711212
0.00021796074,22.066294
0.0,23.586155
0.001042729496124,24.190512
0.0012576853,24.193895
0.00034049291579,24.301813
0.00067311405,23.720236
0.0,23.979223
342.78088,23.274857
1.232,22.95593
27.381070622,23.576096
0.3250302,23.521849
7.69392,23.649103
6.2493952,21.96482
15.183114648,22.514149
45.353117669,23.209337
0.91312,23.397116
57.9087800750085,23.699602
4.1799254,22.400785
4.159749392032,22.090178
0.2931092825,22.61515
1.3561516575,22.650373
0.1883411,23.943798
0.0001064678294573,23.042799
21.979245392,23.92106
6.2133112545002,23.650322
5.4858280325,23.83362
59.63136,24.338144
4.25603875968992e-05,22.407352
0.5020344075,22.92866
15.55956,22.060007
19.3556,19.979342
0.0,19.930817
215.23976373766,18.138311
0.805196038,20.112736
0.0191429157364341,20.895662
0.116785135,20.147142
0.83135078,22.145649
61.36728,21.795681
256.8433,22.18094
0.0,20.05504
0.0529892100198221,22.791063
78.944867456,22.82912
92.549184,20.883501
0.00030770928,9.429159
26.88361312,13.017146
12.7239110492179,19.466742
6.38405813953488e-05,9.089627
177.7369776,9.62158
0.0,8.879027
0.00018590769,11.394474
0.0001705336,12.478759
40.4451480000001,15.28537
0.30580487605,19.33211
37.913910294,22.490915
101.062349552,21.345219
6.92816,22.819628
74.9208,23.32549
1.2454152,22.430483
0.0075970291860465,22.409996
0.145743,22.042568
76.52365798,21.824533
58.72506,21.718706
0.0033198059289527,20.51668
7.5507744,22.912897
0.02032225,22.367416
0.0004258713178294,21.086266
0.6109995,21.176455
0.0704924,22.711723
2.72818805,23.910425
4.36232150199999,24.425148
0.007876375,24.227198
59.84576,24.317114
7.84014753600001,24.047657
0.00350660367,23.778246
0.212255125,23.997782
0.0313889315,23.283115
0.0,23.858747
3.89896030706563,23.652868
3.176449815,24.132185
1.47056,23.718739
33.794769598622,23.691717
0.0,22.870314
0.9027926925,23.25488
0.0011072654263565,23.557276
0.0754191808474897,24.145384
0.161875,24.082443
22.334251784,24.154804
5.55278045766272e-16,24.24249
0.0006384058139534,23.95281
0.6620003,24.062252
0.0,21.72321
0.2288079075,23.523073
0.0001702415503875,21.152653
31.994743306,20.255503
0.213161208000004,18.078188
0.0004894444573643,18.110197
0.584560225,19.719656
0.66844015,18.858416
0.03432,18.042639
0.3740737,22.03221
169.1783658686,24.031136
33.3953,23.306293
0.0014479624806201,21.517546
1.274,22.759165
0.6234204,22.8466
184.497104,21.764915
0.6376912075,19.22701
0.2663999075,22.447693
0.0,24.218767
61.7422292,24.042078
5.4542929,23.35491
0.0,21.397629
0.0010640096899224,23.558134
0.0020037698,23.636023
0.748250423333332,23.030462
0.0,21.729965
0.0122577449684408,22.769201
0.5624,24.235514
0.640002479999995,24.232122
0.0022982609302325,23.762335
0.000426334,21.688845
0.0,22.106138
316.4754,23.694824
0.0002129356589147,23.07363
0.103839575,23.192492
47.564672148,23.097486
17.190372508,24.151636
0.0067926475193798,23.34076
12.814819438,23.239435
16.7738820373952,23.760046
0.00029488806,23.62686
2.226955815,22.953207
1.019118464,23.775717
343.4535,23.718653
0.0,18.440657
0.5254174825,19.900282
8.70519,22.074854
8.08000004326459e-07,21.900806
7.13592,21.507479
87.4016,20.838144
55.5728872540541,22.946623
2.25068400000001,23.231716
27.106038752,21.868196
0.0005958454263565,21.71749
0.0002342292248062,22.29901
0.043919925,21.662687
25.8216,22.59371
0.0007661090605275,22.670048
2.86295904,20.945532
8.51105,21.677572
0.5445846,18.84939
11.6624992587333,21.453913
0.883030678,22.226812
90.7647770919999,23.211315
0.0007674012,21.598934
0.14774659255,22.35967
0.103519525,18.992111
0.27477577512,20.520681
0.12962438475,22.853724
0.6699532,23.239202
137.752896161,23.622768
0.972175,22.13858
0.351917915,22.997744
2.4680035792812302e-14,22.68302
2.08000000420761e-07,22.279875
2.58024,22.286049
20.68696,22.46676
100.622967,24.12404
0.69362235,23.235117
0.0592,23.75236
10.10286,23.826683
0.0,23.627565
60.664790888,23.736553
0.16471475,22.817873
7.33308,24.460556
0.0127472035348889,23.247042
5.3013688,24.206953
0.7261128,24.260504
33.51192,24.08959
0.350563200000003,23.246752
1.3614615,23.352503
21.3551671212486,23.479376
124.046510876,23.331411
31.7602015325945,22.2932
0.11092045,22.093256
0.0579235,23.588541
0.0,23.129059
2.05515855,21.5351
48.849928862,21.329416
0.0,23.601473
0.0329226,23.8516
0.335220925,24.111387
4.25871317829457e-05,24.106157
0.02746325,23.271322
0.240893120000001,22.110855
0.0037263740310077,24.282236
48.35296,24.110962
0.952951664999997,23.735628
0.950006303000003,23.51133
0.0,24.007418
34.23694,23.982368
0.0050094245,22.13815
0.0001702415503875,20.664305
0.12876925,20.656359
0.177136575,23.31168
0.098975,23.964455
5.55111512312578e-20,22.816362
0.07985895,23.530237
5.7568,23.781418
32.451345753,23.180635
0.0016627026,23.35639
0.0,23.338415
0.0,23.45266
1.373738694,24.054222
41.8740509459667,23.621851
1.03999989732984e-07,23.54239
11.852530874,23.849876
0.7459160373,22.40022
0.09724725,22.193825
1.09431559200001,21.943014
8.45,19.563826
2.2632714075,18.229334
0.0494778768257375,15.542545
3.0528,16.314878
0.0026432708,9.694248
122.62328,15.351055
0.0915935,16.682741
168.4834177494,18.981716
0.0026813044186046,9.561706
0.105598,13.070584
0.0046178020542635,14.108469
1.26672,17.69951
53.82468,22.350267
62.8004,23.326408
0.396495606575,15.853356
28.42737912188,21.426115
0.0,21.795036
0.023237971627907,21.746273
68.1596755279816,22.71767
0.0004742400000058,23.804306
3.22865435533732,24.03993
11.30796,23.129543
2.13167e-05,22.331213
4.0843845,22.918596
2.880088528,20.970945
0.329938065,23.690256
0.0001276811627906,22.850151
0.00101287638,21.634321
0.00029488806,22.564428
0.0,23.153421
44.828951648,23.478838
21.320827603,23.6863
0.1888109075,23.709463
0.5293781475,23.634508
0.0,24.08513
157.34988061,24.349255
0.0,23.252424
0.08325,23.45835
13.5926,24.404331
0.38750655,24.166723
0.0237636195348837,24.294163
0.0,23.25622
110.6799,24.536991
0.0026601009046095,23.732107
0.0,24.351828
0.07769075,24.610594
0.0420370079999557,24.469362
0.61665495,24.005247
466.88124,23.042004
1.378786968,22.126429
1.04767646666667,22.943998
0.2148775,22.656542
0.0,22.192091
4.23220032,23.209948
0.0011724185,23.129396
0.744625,23.661726
81.835172331,24.063301
90.59472474668,24.235714
0.56424815,23.654526
0.55961575,20.36716
0.0016811837717132,20.35236
271.87967525332,22.097536
1.74124,18.607527
40.302766574,21.35127
5.22454077040315,15.931202
0.00125647956,19.480951
60.67016,16.564331
0.1801617875,17.0148
1.537979,21.674269
0.1940153275,23.2811
0.0921291675,22.291048
0.0056394139177722,21.592422
5.30036,20.96944
0.61589925,24.089705
188.60898,23.277468
0.4311054075,23.031103
7.9520532,23.511724
0.44935,24.207476
0.3653033125,23.6462
2.8764295,23.43178
32.87696,23.022196
0.00260270766,23.487421
0.3194932425,22.557806
0.0,22.683794
2.3326094075,23.205158
1.5786368,23.943254
16.4931336,23.740606
0.0480999074999995,24.206789
74.9788,24.527033
0.0283642,23.859476
42.69786,24.236399
0.0703948810852713,23.915398
59.10763612,24.14821
0.0003404831007751,23.891352
0.0,23.260408
0.842675,24.172655
0.09297175,22.932749
13.484896636,23.328968
39.011048,21.86172
0.0,23.821283
40.0764,23.449572
6.24659470788947,21.852417
1.643472,23.277346
0.948965424000026,21.538572
0.279816385,18.771957
0.0124702695,21.00779
0.0016811837717132,23.6204
0.129663,24.047724
0.098853825,24.034044
39.763319206,24.598976
113.2564798096,24.29036
0.0017673659689922,23.760405
0.3057124075,24.039873
0.5690452,24.251066
6.86897848,24.25006
0.0030644362421101,23.594318
0.0,23.417025
0.122779135,24.02608
0.907641,23.923079
0.0,23.652735
0.0627335,23.204618
0.00366686892,23.235367
0.0067147605,23.72164
0.274007760000003,23.760904
0.08875375,24.017214
0.0042773189534883,24.24856
2.333934,24.035578
0.003426209965137,23.903593
0.0005532850387596,24.068066
7.63836,23.350267
0.001065835,22.9317
0.3204124,22.053045
0.0007034511,23.645555
27.57801947,22.808128
2.2135776,18.938322
1.0905749075,21.8794
0.001065835,18.325418
131.454788055,19.16784
0.115084652,19.363443
0.2259775,20.654404
3.72760498,22.78369
6.18751836,22.9417
39.409442776,23.433704
16.9759,21.14905
29.66092,21.898878
9.14374993737334,22.812906
0.45267835,20.974644
0.954212000000001,22.687628
0.0670972525131282,20.119507
0.0004468969519744,21.596722
62.8581552956377,23.3025
17.95958,23.162636
173.979540176,21.86693
0.8361999075,21.49394
0.00274687,22.825996
7.1600011,22.993639
0.0002979227131782,23.115551
0.0020216184108527,23.17318
0.0038092644954008,22.912106
2.59364933267795,23.974531
68.943639232,22.871237
12.2635981639999,21.405289
11.6479664,20.465559
0.68202738,11.122711
0.0004653400000006,14.941603
0.0001248000000027,14.039612
0.0014479624806201,18.45679
0.0,12.232421
0.952516000000008,17.6616
15.89364,19.144007
0.0004684584496124,19.892792
1.8496534,22.344568
13.703247896,23.147583
0.0001277613953488,23.869106
4.505279688,23.91312
0.5813370625,24.106428
49.91964,23.99109
0.3869370275,23.360743
0.0,24.1238
0.0,24.353603
0.0005958626026325,23.54376
0.053946,23.079332
0.6142613275,23.85221
0.845772825,23.991693
1.97490552,23.479345
2.296806761,23.182795
183.31412451385,24.370474
0.0006388069767441,23.064041
0.0001489613565891,23.859745
21.172428,23.654755
354.70396,23.0191
34.45716,21.497458
0.7539270775,21.88615
0.0083418359689922,24.050869
110.264959896,23.306616
0.032856,19.697304
2.03447920195816,22.52376
0.02293075,22.338766
0.0,23.811495
0.82888,23.715128
44.21366,23.508938
6.9952929825,20.917593
2.49599999994098e-05,22.135233
0.52056484,22.093916
0.0075034784,21.237703
63.014647754,22.910776
35.95655,23.086805
0.0005320048449612,23.58527
0.89756293675,24.292337
0.1575479425,23.61508
4.25603875968992e-05,24.004808
1.0400000496702e-07,20.06447
187.568554057483,21.636866
24.01568,18.96497
4.983696,18.931429
47.73074,19.465113
0.0017034852713178,14.903459
57.26093899,19.887276
102.397181952,18.069624
0.0001065835,20.305784
0.0004468840697674,18.449526
0.094441464,14.471467
0.822824880999999,20.347345
0.0,22.355421
9.43824,23.310396
0.0332835905,23.793928
1.65860472137865,24.198265
0.0038731069171114,23.803001
0.0,23.554747
0.0,23.447506
0.284715,23.550255
2.9534144,23.70304
0.254375,22.66002
0.1794754042,24.193502
101.491608,20.218569
0.0926295,21.516096
1.41073344,22.707796
0.0,22.931551
2.27598960000001,23.093697
16.23773364,22.703402
0.0002129356589147,22.790411
0.0,24.284203
0.7128091625,24.168362
0.7124832,23.738302
0.06688675,23.58765
0.4123,23.217045
0.00021796074,24.228582
0.0,24.385735
1.7112935,24.453314
0.180523,23.05404
0.00065388222,23.906641
0.20763239125,23.790956
0.0005968676,23.293571
0.0018939918440819,22.021107
0.3351912325,22.26581
0.831665618291668,23.629309
25.9485057897855,23.760014
0.0003830545302637,20.81116
0.037,23.01325
0.0,22.26988
0.10388,20.937517
0.4305938825,21.260508
60.235344,23.282137
0.0004043353375006,23.922611
0.6189142625,23.382814
0.00023078196,24.309122
5.17768555199999,24.277609
0.8584,23.632807
0.4315124075,22.49341
0.0,22.835648
0.50169225,20.830942
0.9229896,21.974619
0.0496890205,17.734095
0.0854219925,12.697466
6.58008,14.952219
5.04999996337574e-07,16.247458
4.40622216902305,19.883
0.0017266527,22.662748
0.110075,24.309729
0.034157475,24.076515
1.04300211865,23.208662
30.54168,22.846403
30.787486834,23.923416
0.0016821917054263,24.106638
178.23312,24.223133
4.23999999999615e-05,23.27824
0.0219325600000084,23.057026
122.253529822,22.505194
0.0,22.139662
0.096385,22.654413
0.0014069022,22.651228
0.0,23.929623
0.678265406575,23.895117
0.0006171434098694,23.283318
27.9604,24.236322
0.777978,24.155363
0.0,24.309435
0.7131465,24.392828
0.0004050173,24.21667
26.01352,24.244768
12.13717,24.206823
0.648315,24.156742
0.0,24.456327
0.2689027725,23.783873
11.89136,23.924412
0.000639501,22.686346
305.3076,22.566782
4.278879,23.561098
12.8573,24.218365
100.19256,24.27712
0.0536539775,23.696207
0.00033976233,24.127937
0.7547037075,22.869543
0.2075699075,23.907446
0.00196164666,22.880789
19.06944,23.774729
20.96892,23.946638
2.177990984,23.924091
1.8779536,24.133436
0.0,24.76817
0.618938775,24.011797
0.0044051270980334,23.702051
0.00148085091,23.584269
1.17845,24.06198
222.5910237334,23.1875
0.3193692,21.937479
2.22781578,23.048292
0.0,23.510284
0.3250025425,23.500807
0.0665163200000005,23.070118
92.699625616,21.048876
0.0,22.541967
3.10544,23.731207
0.0402448395348837,22.757963
4.24000000009255e-05,22.826815
42.651432,19.935812
0.0050009897006659,21.398249
0.2098825,23.49666
14.913051192,22.515656
0.0044338736,23.526522
0.28494625,23.975069
0.0040859149894802,24.45189
0.0062565573276416,23.808474
0.0008937681395348,23.807022
1.6835,24.053337
135.010057951308,23.984947
0.030701675,23.344908
0.0962,23.756464
131.58734,23.321007
0.27971445,23.001028
0.00148,23.453882
0.0,23.573277
0.2401932,23.176102
0.1829349375,22.941782
0.0006384242171062,23.566992
47.37616,24.194754
10.67784432,23.245049
0.006074475,23.016935
11.33018,24.514925
25.8958,24.37897
8.68093785,23.046919
0.0844525,22.282936
0.21264732,22.777857
967.40225734,23.47624
1.4911245,13.985823
29.81038,19.320728
0.1017685,21.21417
0.0652662400000013,22.669638
0.000383043488372,21.875574
144.25944,22.780283
36.31292525332,22.16848
2.2848624,21.943022
1.4630500225,22.215845
3.12675646400001,23.191328
0.5746931575,22.082882
89.3550809088,21.440351
10.97928,21.358084
0.182888225,22.467314
0.0,24.264444
0.0033893553,23.640339
0.0050678686821705,23.607557
0.0091775268992248,23.045847
0.3970959325,24.307821
1.88370832,23.205347
0.00053208063,22.578318
60.55555899,22.691748
0.1584525,22.060732
0.87405988,21.077284
0.79241683625,18.549414
0.0,21.852068
0.0008725130967119,21.367556
0.3764212834,23.024477
0.17707531595,24.056215
7.294370708,23.334944
6.431550101328,23.283617
0.5032,23.865383
9.634976,24.057741
32.895844733,23.980356
99.01944,23.79863
42.75856,23.461567
0.0030643479069767,21.973202
0.564507202725,23.425707
0.0,22.680983
0.664539322621556,21.181822
4.15999998949701e-07,22.814642
8.02241482,22.801512
84.58420152,23.860888
8.52668e-05,21.267609
9.35999999967407e-07,22.572596
0.0208384,21.53398
0.568986159,23.320127
0.25081375,23.79821
0.0,23.904512
0.9495762325,24.234987
131.121016,23.80489
0.0,23.259733
14.2680876,22.464918
8.0912,22.394226
0.0178673,23.154343
7.80054,23.678408
5.1833576,22.932577
15.55762,23.823164
1.48988491843901,23.605455
0.008937939039488,23.539469
0.0,23.925463
3.67594605,23.43072
103.7034888,23.527697
0.752781186575,22.981516
0.0,23.32836
0.0,23.974943
0.1859953,24.122984
0.0039862229,22.766415
0.1461996725,21.728788
13.709634848,23.401873
158.97459032,24.047207
0.03145,23.80536
0.0442415229069767,23.621653
0.0054264494186046,24.14665
44.4866,24.155432
0.245729765,15.963128
9.66576,17.287962
0.0,20.050623
15.9700528,21.802252
12.7126428187425,15.609164
11.1549750893653,17.78356
37.395818334,17.485369
0.0,19.309937
30.5914040283859,21.435246
1.41203007,22.535864
0.0,22.09432
0.0112339009,21.993155
0.3464494075,24.20349
0.022676375,24.301653
81.892837069,23.958656
0.0,24.291065
0.5705172,24.407389
16.32592,24.270266
190.369722033,23.212942
0.0011491635907913,22.98735
0.2557807225,16.571001
0.2842801575,18.517084
4.66291575,15.188478
27.73962389,16.237278
0.454810615999998,19.899288
1.19938275,23.102522
1.1075787866,24.135145
22.175658677,23.934145
0.23653256,23.530455
21.52986776,23.476072
0.0003410672,23.875067
2.7986556,23.7955
0.3691712,23.192144
0.182107999999997,21.952597
62.8326296,22.054104
6.425611774,23.084253
57.50099479,23.428453
1.06000006885737e-07,22.449825
4.742641547,20.761206
251.985651486347,21.02758
58.99296,21.239065
0.082613415,21.5915
24.6715,21.57887
7.966080989,21.241522
4.17211456499997,10.746035
0.256602880075,13.246095
0.08840225,18.570425
28.0488,19.288054
2.982575,18.041338
0.224459168,16.405943
0.00087825357,21.5224
0.0,22.599848
0.0016200692,21.86241
0.00035899416,23.874603
35.51766,24.013334
0.0,24.069744
2.76092752000001,23.814108
84.46023899,24.036076
0.3582636,23.67953
0.7219107,22.476511
0.1932732,22.233927
1.4803427125,23.619656
0.4217999075,23.77026
85.881378074,22.880123
7.90224,23.791204
38.49814,20.02474
0.0,21.833294
51.0072,21.881016
5.47826175,21.048468
4.981421,13.182746
18.063680648,16.207693
0.0,20.36646
1.084103606575,20.597242
0.029567144,21.85084
96.12616,22.123789
0.1832531375,23.042942
0.26221715,23.282305
7.75072966373198,22.980486
135.33656,23.986506
0.485951648,23.231941
0.0,22.80658
0.39035,23.243334
0.0004468969519744,23.078863
0.0425700355,23.49521
0.0,23.484669
0.0,24.087334
0.0,24.333197
0.91801404,23.602488
66.791976397,23.65014
0.13566975,23.521418
0.574253691584771,22.117775
0.0005536327131782,23.359083
26.742839792,22.981823
87.9024816,21.116802
0.0002342292248062,20.222635
0.0117475,23.032864
33.12816,24.176687
3.3454836,23.591208
1.37191375,15.849766
36.3829128,17.403399
6.19837,20.606274
21.112,21.679098
0.0,21.075235
222.547592116,22.476973
6.3326135752092,20.771261
518.153429511116,21.963072
0.0002080000000007,19.111826
0.0004689674,21.93384
0.0,21.60235
25.63292,20.975416
0.0847855,22.79436
64.44515,22.927095
0.9533087,23.897593
15.516492,24.294405
0.0173859183333333,24.023893
0.23737868,23.28953
39.1404,24.448141
0.0017449758914728,22.330502
0.319860013325,23.272758
37.106712392,24.172777
0.00013462281,23.236616
0.0024727372,22.188774
0.0003197505,19.956373
0.0026813817118464,23.958548
0.33843187565,24.00984
0.0005532850387596,22.849894
0.3569944075,23.83532
0.02735225,24.301348
0.5170291,23.405102
0.0010001691085271,23.876455
0.0005110455813953,23.852331
4.23999998702129e-07,24.05394
8.398335335,23.515404
3.0299999343697e-07,22.71443
0.0,23.900843
616.80552,23.491121
2.6321589,17.257977
0.0,18.877203
8.782312,13.292671
32.761179152,20.183218
0.61470875,21.409796
9.516892,21.790724
0.0003192121085531,22.938572
48.623303345,21.852083
9.545998941,23.98662
14.946468965599,23.919151
0.0074482825329067,24.313005
56.44712,22.025164
4.89624071,17.86085
0.1330704075,14.749099
0.0003623839,10.76249
0.0,15.34342
0.02463597,18.38681
207.4403733682,18.58632
0.0009672000000003,20.125097
8.7539192,21.806276
6.5349,23.758781
0.0069066108,23.419147
0.0074,22.72003
46.8223200000001,22.645273
0.0,23.475485
0.17881545,23.715029
0.54325176,19.046518
46.86717474668,21.635878
97.4376,20.480997
0.306859685,19.889517
0.9945119,21.642426
0.6265893575,20.726717
0.0,21.093641
10.04683688,20.611048
0.0,22.554514
0.07548,22.935234
36.696128,22.991259
0.0,23.664131
2.08805521400001,22.19613
124.553686712,23.521173
0.0,24.07746
43.71334,22.308895
0.0254375,20.971182
18.9834601290222,22.806114
0.329176914875,20.828123
0.0,22.002535
649.60192552098,23.005474
0.20482719,17.52157
0.398675,21.47473
0.11194905,21.930635
341.2267,22.34583
45.884104344,22.059938
47.44688,22.457647
27.920828308676,22.922504
107.912208352,23.35126
55.871602483,21.740795
8.57434,16.29158
1.2000764075,19.20232
0.77149485,17.215939
0.2770375,20.468714
0.0001279002,19.207895
0.098108275,21.742268
0.4586705,23.027788
4.538205,22.78573
0.518282125,23.93367
6.8111006,23.512691
0.0,23.444178
0.0028564378,23.542122
8.47046,23.542639
0.627756208,23.413229
0.621052939999983,24.405703
22.77853,24.193918
4.38909255,24.279387
10.05888,23.778044
1.00618488,22.306406
0.0137470051937984,23.223343
17.146559788,23.175901
0.0059815078068475,22.623957
0.0020216766875032,23.45143
148.666829737838,23.153423
0.9094956,22.765223
0.1813,23.616625
0.0001754081411324,23.097322
0.4247201325,21.755054
3.499765443,20.918089
0.0838601485,22.096066
0.0009150747111856,24.085356
0.0,23.306753
1.06000002720985e-07,22.33626
0.0015109373138182,22.950836
0.0007235474460537,23.883673
0.0,24.344036
129.576524272,24.41978
0.0052012748,23.743416
9.855089847,24.246607
24.584791576,24.124884
0.000617125620155,23.920721
121.31808,23.831713
0.0,22.94559
0.0,24.024126
0.0042846567,22.395908
451.07918481353,22.901333
0.0,16.569023
0.0,18.735792
44.9795245658,20.58959
0.0,22.158028
0.0037453141085271,21.952753
3.42977009717975,22.290495
0.0598031,22.918848
0.16884046275,23.83757
0.0,23.455778
0.6223824,22.969254
92.6577662714,20.550089
0.0022132039526351,21.061453
43.32582525332,22.649645
0.0,18.595175
0.0,14.356885
0.110075,7.8074574
0.0026387440310077,14.424748
0.0082141548062015,20.601513
0.580774,21.58438
1374.7084,23.857695
199.45536,18.6606
0.0,20.467646
0.0215781165116279,21.551731
13.736620878,22.513264
0.0006821344,22.45439
0.37861596,23.707289
3.30070809262827,23.422087
0.0088368298449612,23.873028
0.3806024425,19.73203
4.26334e-05,19.864069
177.2586,22.91437
0.001923183,20.5501
18.5403882,22.756964
0.0003617632945736,19.682112
0.0407,22.279259
2.392726976,22.221914
0.0,20.886683
0.131143725,23.340065
1.27286728322568,23.388166
5.585216,24.217653
0.0017692861,24.02501
20.06888,22.995344
3.7342944,23.19573
0.3162507475,23.402575
97.648819495,23.37062
0.9612372,23.854235
0.265880169425,23.763014
0.750202656575,23.471043
0.01623375,23.809078
0.0032366220155038,23.186808
6.2901016575,20.257868
2.65271046373527e-07,23.268332
10.912967786,22.546305
0.05395155,23.016733
1.7159694869,21.959658
0.876806454000001,19.20676
0.0001702415503875,20.969889
0.0001065835,15.686643
0.54723039775,19.389818
22.182928859,23.287722
0.3274758075,22.848543
0.002984338,22.462912
8.51207751937984e-05,23.434843
14.801665039,23.122364
0.536691982000004,24.04509
0.58749953954631,23.601429
115.3641594,24.62654
0.0004346000000102,23.439276
2.621556,21.735964
0.03673175,20.092909
27.087876396,21.331167
33.526262594,21.021275
20.739017615632,22.396933
0.0155585,23.680593
0.00068098583158,23.80967
81.493242689,23.692892
0.0015960145348837,21.895046
5.294743896,22.511068
0.0,18.498114
0.1147,20.648375
0.00198087849,19.817606
12.303625354648,18.710508
0.0,21.807943
0.0,23.634752
0.646146711458332,24.10296
0.0002766425193798,24.84362
815.04614548,24.227583
0.0,20.294336
0.343355597196455,22.411451
0.0016385749224806,22.32948
42.117,22.473564
22.16748,22.729488
17.984263128,21.677225
1.06000002875306e-07,21.025412
2.6181628275,22.778978
0.0018119195,22.40508
29.9211423834728,21.13856
0.1889331,21.778984
1.9359083575,23.831083
0.0018099531007751,24.19441
0.4786911075,23.535288
1.399160735,24.29736
0.0063202175581395,23.486708
90.733061039,23.547123
0.0005968676,23.696241
0.4713541925,23.328968
0.3509652575,23.98946
0.0,23.184118
0.5815534348,22.033861
0.35224,23.147184
1.923183e-05,23.962934
0.000191521744186,24.190475
4.806186,23.282312
3.70187865,23.823038
511.201629098123,24.175955
3.36944320000001,22.282122
34.367289695,23.268766
0.01667775,23.653852
124.29984,23.541027
0.00014103342,22.657658
29.30928,22.848637
0.0634735,23.68136
2.787326498,23.301764
0.35030880000001,23.256845
0.100772275,23.072405
1.82426,23.945059
8.76805635333333,23.38267
39.598,23.714949
0.0012180159,23.480957
21.390897202,23.709854
88.0412,23.340128
0.6935367875,23.495157
0.2741245825,23.68491
0.4291175825,23.93212
0.0061712562015503,24.067755
0.6048372425,23.000547
1.0282428,22.582571
7.80265612099999,23.517183
5.40800002227115e-06,24.074652
30.16624,23.992403
48.57736,23.673853
0.0,23.195032
134.900840534,15.932941
1.1985586675,16.890144
22.105278948,21.349249
0.0012555314341085,21.341238
31.27,22.715687
2.1783384,23.158503
15.6110750436631,23.218401
0.240382525,23.668764
107.246470341,22.84101
0.911162809073502,23.62492
0.936558018000001,24.042515
0.99798348,23.070568
0.4699,21.17047
1.1679557825,22.259386
0.0006171434098694,20.358744
4.25603875968992e-05,23.795975
0.0037,24.319338
0.2330999075,24.285238
0.17245952,22.162436
2.82066,23.280165
0.0004255,23.024565
1.74594012787566e-06,20.836588
0.623842922458333,21.940825
0.0,21.888147
0.0013406522093023,22.17747
0.0001702415503875,23.156494
0.0002768163565891,22.762081
0.111370185,23.845228
4.385782388,23.35214
0.00309632463,23.886427
0.80834825,23.933182
0.0,22.62794
0.16465,23.508059
0.73185334,17.188894
0.0343685036875553,20.24521
0.9027564325,21.942986
0.000639501,22.061092
0.190111896000002,23.414503
0.0002979227131782,24.336538
9.615915e-05,23.789906
0.193538675,23.671255
0.0006597050243431,24.164663
1.674883,23.717714
3.7472607,23.991768
24.2491392,22.611685
5.569543798,18.866928
0.01166,20.9996
0.0006596860077519,19.513779
0.2933978825,15.517863
86.03596,18.370348
0.0079298124,20.809889
0.61380225,22.549053
0.029223525,23.958662
0.0006384058139534,21.867762
0.0013855855,21.918781
0.0,21.898073
15.41134,23.77548
0.0043225938759689,22.641222
0.00925,22.393248
1.43934492000001,24.324253
0.0010232016,23.9991
0.32619768,23.944206
100.52016,22.575037
10.3547523,22.719357
0.505725469999994,24.101679
0.5317059655,23.385508
0.8524040575,23.53825
14.741298,21.468706
0.5756986325,22.720026
3.143506808,23.148336
0.02275611,23.827662
0.0341556956151865,24.265852
0.0001489613565891,24.33403
0.5494524975,24.462309
52.11002506,24.406466
6.8462064,22.047377
0.396391028000003,22.57733
0.0168331185243692,23.161615
2.717484224,22.894392
78.122486869,21.99888
0.0005958626026325,17.787752
0.0003197505,22.630606
0.41050464,23.018354
0.0005003200000016,22.264502
0.1363154,22.300104
0.0005533009881587,22.198538
17.89528,23.922688
0.00267963498,23.877821
154.668317712459,24.623537
0.10941372,23.017176
0.0052652249,22.786678
0.0045965218604651,22.329245
0.0121084302713178,21.482412
0.0015348024,22.860674
42.799050071,22.382418
91.216503352,23.320112
0.02373106,23.019506
47.547681108,24.055866
0.976862587833932,23.821327
4.9086,23.94551
0.0001040000000003,18.986727
99.933599688,20.300303
1.86661938,21.65861
11.0966015200001,20.401888
1.9807312,17.859592
1.65060999,19.739798
15.729178238,22.89335
0.00583812825,18.378069
208.94775,20.71228
45.0462896,21.079422
0.3630564,20.808641
3.17999999679186e-07,19.880787
0.255833244925,20.50022
0.0012269417645408,23.30829
0.0077672707364341,22.827896
0.00024360318,23.957079
0.0006171434098694,24.47227
0.48688041,24.418201
0.19166222,22.774778
0.0,22.632208
0.03367,22.931688
0.6820765,23.550022
79.00498,24.070036
140.284849212258,23.345766
3.0876104,23.645712
30.545489682,24.551008
2.02000000040473e-06,24.099916
0.0047242030232558,23.899553
0.0534484425,22.845938
0.18315,23.170076
0.1130902225,23.642778
5.128488e-05,23.277182
11.3473,23.302032
0.0049881078,20.196953
1.0632366,22.966253
178.12028,22.165651
1.166967,18.918858
23.694268624,20.041306
3.81216783600001,20.86249
0.00148085091,22.610426
6.412288,16.868624
0.0,20.495329
0.000852668,22.693293
142.25848,23.095587
0.661528365,21.728357
541.01963,23.159376
8.230248,17.564749
0.131374975,21.187674
3.722010186,22.281076
0.0400079176053275,19.644981
37.0032,23.368301
0.18401025,22.469563
2.983411658,23.703669
102.811488,22.634323
3.4216,22.057722
37.8214,23.07292
0.9307350925,22.45661
23.3295523900804,20.838354
0.66517119,20.404715
0.409648912325,21.317457
0.0002979313013162,23.174381
33.38453899,23.84821
0.0212589136046512,21.534416
0.0020429574947401,22.188057
0.0582329236,24.024683
0.0020429574947401,23.870836
10.063406363994,22.462503
0.0003029999999998,21.628576
7.1874327,24.327662
21.47664,24.297483
0.8303184245,24.315407
149.107475337,22.879911
0.0,21.394361
3.49799999821698e-06,22.823843
0.78797235,21.973585
19.598719255,18.35428
0.0661375,18.451326
0.25984949225,18.052425
0.0,19.673094
0.64145605,19.650427
0.0003404831007751,19.977648
9.526405712,19.811073
95.86327938,20.876701
0.555185,17.81734
0.1258200725,21.072855
1.04000000192173e-07,21.727747
79.76176,16.971794
0.8534511575,18.699461
0.4365703075,20.985083
0.0007235265891472,23.899221
0.0,23.971144
0.0,23.195562
228.625181559,22.20607
71.0232,21.235235
9.3425e-07,23.565859
5.30458032,23.361359
0.0002119999999969,21.346983
0.0054051692248062,18.792616
0.0,14.471019
0.0,18.492348
0.1206755,20.926718
0.347862715,21.54724
64.41,22.791086
22.74866,23.073107
28.32045,22.412569
0.9234855715,23.87522
5.18234,24.185354
1.323504,23.187426
7.9056974075,22.790186
14.965501785,23.40793
6.9045216,23.064371
0.568994008000009,22.856869
212.43898,16.272968
0.021514896116482,17.740067
0.12691,16.086864
0.1896619075,11.89145
0.0,11.895363
0.03404,15.001645
5.45400000009977e-05,19.15883
2.679552725,23.513632
0.0001703485271317,23.434225
0.1092605375,22.899622
81.935579259,24.17838
0.161106325,23.697855
32.6594004,23.443758
60.062364544,23.655638
0.294187775375,23.699747
1.41616,23.787888
3.91183,22.611082
0.1776,23.663416
0.0015322181210551,21.41261
39.49454,22.978655
2.9055579,22.993471
0.0003617632945736,24.25714
0.0001010000000005,24.153639
0.24035,24.6676
0.03885,23.41406
0.0,23.700312
0.6353487,23.444242
0.2581544575,23.472193
0.0,23.606882
17.4202496,23.718119
0.13720303,23.190031
0.0008299514822381,21.36175
0.0001064009689922,23.747341
23.606353794317,23.600943
0.0005958454263565,22.842783
0.737056908578745,23.531832
0.748042875,24.045385
1.209388,23.218452
0.008001352868217,22.334902
0.661385269000007,23.016096
3.21164928608834,24.179384
0.0036390180375058,24.618816
215.933415988,24.480068
0.0,23.027277
11.42574,23.379297
109.268680134209,22.04872
50.87604949336,22.399868
0.0009582104651162,23.208061
0.0064008750000014,23.052788
61.480921697,24.158098
0.158345004825,22.854963
0.0006171434098694,21.076612
219.8334,23.398321
0.6678,16.61336
13.2562093934249,18.372198
0.795527935,20.37575
0.00157059945,22.423664
76.59772,22.529894
0.0696895,22.658075
5.7616,24.107687
11.446532,23.70259
558.7048,24.502645
4.36926,22.079576
0.00034049291579,22.875378
49.372192893,23.65928
0.0002766425193798,22.940418
0.200532932075,21.875223
2.70611825,22.752253
92.284849898672,23.881992
0.4408542,23.40545
222.645208,22.563437
0.0037091058,23.15657
55.124389636,23.691572
28.9651752311252,22.025846
189.53376,22.115973
1.7017134,22.417627
0.5798085,19.064432
0.104858,22.908741
243.69950644,20.405762
0.1182419175,21.436453
0.0,22.445719
7.629450608,23.777597
18.225586855,23.069862
0.92190393,22.548872
146.189650583,22.588182
0.0,24.204817
0.0005116008,23.680433
2.25714699,23.162104
153.089724749,22.538908
6.41961513,23.076113
3.8740772,16.308779
0.0,21.39937
0.0125981697,20.162788
4.5513125,14.969174
26.5670496,15.70694
1.83113,19.909458
0.75665,21.464441
203.428416,17.404076
0.0,19.858276
297.5396673,21.131567
0.0013832125968992,20.827211
0.21188975,22.37511
34.9933933284,22.796982
21.5443904,20.766195
0.0851641025,21.728317
0.0025536232558139,21.496145
0.003205305,23.510468
348.421603394274,23.147606
0.0005968676,18.908495
6.6387456,21.762197
0.2456183025,23.296785
0.0,22.915886
0.00123425124031,23.855747
8.24662975887123,23.567728
0.0139751298,24.375374
2.3965552,24.472242
103.48725296,21.643251
0.000617125620155,20.788317
12.44864,18.987803
205.448066096,15.635436
6.3214901436337,14.772711
24.5708,11.768682
1.79686960000001,17.246567
5.31738942,16.404188
0.0063842421710629,14.148915
1.3981632,19.420273
0.0,23.07736
53.368037511,21.611115
0.35062791,20.858007
15.4325475,22.55681
0.0,22.443563
3.08500447410154e-15,20.065134
40.8082,17.841785
0.00010898037,18.780012
0.0125765945348837,21.389494
9.12232,20.272768
13.67439,22.22329
0.0003832841860465,21.692644
6.15888,22.640203
23.3902466,23.885286
0.0005323391472868,23.72148
0.015725,18.453451
2.90784,21.290651
312.65,23.013151
0.0,21.95207
0.04483475,22.120695
1.4681,23.705997
7.1081296,23.7013
0.048151245,23.027935
0.57234745,23.190393
0.6475690975,24.271374
6.81169331009923e-14,24.342958
0.0004681777592112,22.44503
128.32439568,20.898705
29.95136,21.938375
0.0,21.033865
0.2701925925,20.219017
0.0010640096899224,20.474154
20.629475455976,22.370665
50.19872,23.53178
19.283358016,23.497072
47.106718,24.040909
0.0,23.788977
0.0,21.34392
0.0,21.384573
0.00351942489,20.9622
0.0003617632945736,20.678534
833.737182824,21.653427
1.907124521,16.553272
7.42000001991983e-07,16.512114
12.990415071,15.054244
0.0012555314341085,16.563063
338.486514,19.795027
